{
    "epoch": 705,
    "lp_loss": 0.0,
    "test_loss": 0.4293782725930214,
    "train_loss": 0.14901757799088955,
    "val_loss": 0.3301899403333664
}