{
    "md17_exp": {
        "task": "md17",
        "config": {
            "attention": 0,
            "batch_size": 100,
            "config": "config_md17_no.json",
            "config_by_file": true,
            "cuda": true,
            "data_dir": "md17",
            "delta_frame": 3000,
            "epochs": 5000,
            "exp_name": "md17_exp",
            "learnable": false,
            "log_interval": 1,
            "lr": 0.0001,
            "max_training_samples": 500,
            "model": "egno",
            "mol": "aspirin",
            "n_layers": 5,
            "nf": 64,
            "no_cuda": false,
            "norm_diff": false,
            "num_timesteps": 8,
            "outf": "logs",
            "seed": 1,
            "tanh": false,
            "test_interval": 5,
            "use_time_conv": false,
            "weight_decay": 1e-15
        },
        "metrics": {
            "num_batches": 20,
            "num_samples": 2000,
            "num_nodes_counted": 26000,
            "F-MSE": 0.09377630380483774,
            "A-MSE": 0.0737811287121895,
            "F-MSE_x1e2": 9.377630380483774,
            "A-MSE_x1e2": 7.37811287121895,
            "F-RMSE": 0.30622916876881234,
            "A-RMSE": 0.27162681883825374,
            "F-MAE": 0.19613114890074118,
            "A-MAE": 0.17819114645933493,
            "mse_final_timestep": 0.09377630380483774,
            "mse_all_timesteps": 0.0737811287121895,
            "rmse_final_timestep": 0.30622916876881234,
            "mae_final_timestep": 0.19613114890074118,
            "mean_final_node_l2": 0.3968956275353065,
            "rms_final_node_l2": 0.5304044779606977,
            "per_timestep_mse": [
                0.043033651107396834,
                0.06162344145163512,
                0.0662046635945638,
                0.07345860642653246,
                0.08163638188288762,
                0.08394615564590846,
                0.08656982969626402,
                0.09377630497859074
            ],
            "per_timestep_mae": [
                0.14879717861077724,
                0.16667930329151642,
                0.17334846535707132,
                0.1773001724634415,
                0.18704427787585137,
                0.1874469933143029,
                0.18878162794846756,
                0.19613114733573717
            ],
            "checkpoint_best": {
                "epoch": 4995,
                "train_loss": 0.1026911661028862,
                "val_loss": 0.09451474472880364,
                "test_loss": 0.09377629645168781
            },
            "task": "md17"
        },
        "sample_metrics": [
            {
                "F-MSE": 0.06237102299928665,
                "A-MSE": 0.04794170334935188,
                "F-MSE_x1e2": 6.237102299928665,
                "A-MSE_x1e2": 4.794170334935188,
                "F-MAE": 0.1905221790075302,
                "A-MAE": 0.1527804285287857,
                "mean_final_node_l2": 0.3812006413936615,
                "max_final_node_l2": 0.8625314235687256,
                "per_timestep_mse": [
                    0.012010034173727036,
                    0.02776382863521576,
                    0.017284516245126724,
                    0.04304749518632889,
                    0.0710299015045166,
                    0.08715791255235672,
                    0.06286891549825668,
                    0.06237102299928665
                ],
                "per_timestep_mae": [
                    0.08437781035900116,
                    0.1323140412569046,
                    0.093394435942173,
                    0.1635647863149643,
                    0.19551070034503937,
                    0.19917543232440948,
                    0.16338390111923218,
                    0.1905221790075302
                ],
                "sample_index": 0
            },
            {
                "F-MSE": 0.5041224360466003,
                "A-MSE": 0.43755006790161133,
                "F-MSE_x1e2": 50.412243604660034,
                "A-MSE_x1e2": 43.75500679016113,
                "F-MAE": 0.5145231485366821,
                "A-MAE": 0.4625513255596161,
                "mean_final_node_l2": 1.0446326732635498,
                "max_final_node_l2": 2.316281795501709,
                "per_timestep_mse": [
                    0.09307537227869034,
                    0.32292482256889343,
                    0.491333544254303,
                    0.5402269959449768,
                    0.49595773220062256,
                    0.45156991481781006,
                    0.6011900305747986,
                    0.5041224360466003
                ],
                "per_timestep_mae": [
                    0.21409858763217926,
                    0.40004435181617737,
                    0.5146922469139099,
                    0.5281870365142822,
                    0.5139166712760925,
                    0.4538687765598297,
                    0.5610795021057129,
                    0.5145231485366821
                ],
                "sample_index": 1
            },
            {
                "F-MSE": 0.04008006304502487,
                "A-MSE": 0.06655515730381012,
                "F-MSE_x1e2": 4.008006304502487,
                "A-MSE_x1e2": 6.655515730381012,
                "F-MAE": 0.1524103730916977,
                "A-MAE": 0.17630068957805634,
                "mean_final_node_l2": 0.30368512868881226,
                "max_final_node_l2": 0.6745333075523376,
                "per_timestep_mse": [
                    0.03702849894762039,
                    0.07990438491106033,
                    0.04005727916955948,
                    0.05884556099772453,
                    0.07720385491847992,
                    0.123944491147995,
                    0.07537706941366196,
                    0.04008006304502487
                ],
                "per_timestep_mae": [
                    0.1344704031944275,
                    0.16999578475952148,
                    0.14360247552394867,
                    0.16342926025390625,
                    0.2077077478170395,
                    0.2502095401287079,
                    0.18857988715171814,
                    0.1524103730916977
                ],
                "sample_index": 2
            },
            {
                "F-MSE": 0.04728977009654045,
                "A-MSE": 0.042956288903951645,
                "F-MSE_x1e2": 4.728977009654045,
                "A-MSE_x1e2": 4.2956288903951645,
                "F-MAE": 0.14974626898765564,
                "A-MAE": 0.15152448415756226,
                "mean_final_node_l2": 0.3116675019264221,
                "max_final_node_l2": 0.8668960928916931,
                "per_timestep_mse": [
                    0.029430141672492027,
                    0.023784851655364037,
                    0.0629168450832367,
                    0.07905784994363785,
                    0.032994821667671204,
                    0.02810242585837841,
                    0.04007357358932495,
                    0.04728977009654045
                ],
                "per_timestep_mae": [
                    0.14613525569438934,
                    0.11726057529449463,
                    0.1740732491016388,
                    0.2131020426750183,
                    0.13531307876110077,
                    0.13185065984725952,
                    0.14471468329429626,
                    0.14974626898765564
                ],
                "sample_index": 3
            }
        ],
        "figure": "outputs/egno_md17_eval/md17_exp_prediction.png"
    }
}