{
    "mocap_exp_walk": {
        "task": "mocap",
        "config": {
            "batch_size": 12,
            "case": "walk",
            "config_by_file": "",
            "cuda": true,
            "data_dir": "motion/dataset",
            "decoder_layer": 1,
            "delta_frame": 30,
            "dropout": 0.5,
            "epochs": 2000,
            "exp_name": "mocap_exp",
            "flat": false,
            "interaction_layer": 3,
            "lambda_link": 1,
            "log_interval": 1,
            "lr": 0.0005,
            "max_training_samples": 500,
            "model": "egno",
            "n_cluster": 3,
            "n_layers": 6,
            "nf": 128,
            "no_cuda": false,
            "num_modes": 2,
            "num_timesteps": 5,
            "outf": "logs",
            "pooling_layer": 3,
            "seed": 1,
            "test_interval": 5,
            "time_emb_dim": 32,
            "weight_decay": 1e-10
        },
        "metrics": {
            "num_batches": 50,
            "num_samples": 600,
            "num_nodes_counted": 18600,
            "F-MSE": 0.06515416080379144,
            "A-MSE": 0.05725297606546819,
            "F-MSE_x1e2": 6.515416080379143,
            "A-MSE_x1e2": 5.725297606546819,
            "F-RMSE": 0.2552531308403316,
            "A-RMSE": 0.23927594125918342,
            "F-MAE": 0.16798055450548835,
            "A-MAE": 0.15728062542877744,
            "mse_final_timestep": 0.06515416080379144,
            "mse_all_timesteps": 0.05725297606546819,
            "rmse_final_timestep": 0.2552531308403316,
            "mae_final_timestep": 0.16798055450548835,
            "mean_final_node_l2": 0.3425404657343383,
            "rms_final_node_l2": 0.44211139233426155,
            "per_timestep_mse": [
                0.049756936411703784,
                0.05323689371881519,
                0.057057627879590546,
                0.06105926568362875,
                0.06515416066706395
            ],
            "per_timestep_mae": [
                0.14742129978740515,
                0.1515768788108689,
                0.15655227579096312,
                0.16287212084698421,
                0.16798055395857836
            ],
            "checkpoint_best": {
                "epoch": 1165,
                "train_loss": 0.024653196380269235,
                "lp_loss": 0.0,
                "val_loss": 0.08262298874557018,
                "test_loss": 0.06515417374670505
            },
            "task": "mocap"
        },
        "sample_metrics": [
            {
                "F-MSE": 0.0804583951830864,
                "A-MSE": 0.07266786694526672,
                "F-MSE_x1e2": 8.04583951830864,
                "A-MSE_x1e2": 7.266786694526672,
                "F-MAE": 0.19418102502822876,
                "A-MAE": 0.18318745493888855,
                "mean_final_node_l2": 0.42858800292015076,
                "max_final_node_l2": 0.972670316696167,
                "per_timestep_mse": [
                    0.06295063346624374,
                    0.06926684826612473,
                    0.0688251256942749,
                    0.08183830231428146,
                    0.0804583951830864
                ],
                "per_timestep_mae": [
                    0.17038880288600922,
                    0.17784623801708221,
                    0.18079322576522827,
                    0.1927279829978943,
                    0.19418102502822876
                ],
                "sample_index": 0
            },
            {
                "F-MSE": 0.03438936173915863,
                "A-MSE": 0.033372871577739716,
                "F-MSE_x1e2": 3.438936173915863,
                "A-MSE_x1e2": 3.3372871577739716,
                "F-MAE": 0.14262516796588898,
                "A-MAE": 0.14055587351322174,
                "mean_final_node_l2": 0.27979567646980286,
                "max_final_node_l2": 0.6392392516136169,
                "per_timestep_mse": [
                    0.0341377779841423,
                    0.03314023092389107,
                    0.03205177187919617,
                    0.033145226538181305,
                    0.03438936173915863
                ],
                "per_timestep_mae": [
                    0.138600692152977,
                    0.14213243126869202,
                    0.14042986929416656,
                    0.13899119198322296,
                    0.14262516796588898
                ],
                "sample_index": 1
            },
            {
                "F-MSE": 0.06381590664386749,
                "A-MSE": 0.055149465799331665,
                "F-MSE_x1e2": 6.381590664386749,
                "A-MSE_x1e2": 5.5149465799331665,
                "F-MAE": 0.17061510682106018,
                "A-MAE": 0.15768079459667206,
                "mean_final_node_l2": 0.3433057367801666,
                "max_final_node_l2": 0.9880104660987854,
                "per_timestep_mse": [
                    0.04530027508735657,
                    0.0487772561609745,
                    0.05718984454870224,
                    0.06066403165459633,
                    0.06381590664386749
                ],
                "per_timestep_mae": [
                    0.14135776460170746,
                    0.15175095200538635,
                    0.1568600833415985,
                    0.1678200215101242,
                    0.17061510682106018
                ],
                "sample_index": 2
            },
            {
                "F-MSE": 0.05218334123492241,
                "A-MSE": 0.0444621741771698,
                "F-MSE_x1e2": 5.218334123492241,
                "A-MSE_x1e2": 4.44621741771698,
                "F-MAE": 0.16890785098075867,
                "A-MAE": 0.15590880811214447,
                "mean_final_node_l2": 0.33429595828056335,
                "max_final_node_l2": 0.7861742377281189,
                "per_timestep_mse": [
                    0.034905172884464264,
                    0.04047003388404846,
                    0.04487525671720505,
                    0.04987708479166031,
                    0.05218334123492241
                ],
                "per_timestep_mae": [
                    0.140201136469841,
                    0.14970314502716064,
                    0.1534183919429779,
                    0.16731354594230652,
                    0.16890785098075867
                ],
                "sample_index": 3
            }
        ],
        "figure": "outputs/egno_mocap_eval/mocap_exp_walk_prediction.png"
    },
    "mocap_exp_run": {
        "task": "mocap",
        "config": {
            "batch_size": 12,
            "case": "run",
            "config_by_file": "",
            "cuda": true,
            "data_dir": "motion/dataset",
            "decoder_layer": 1,
            "delta_frame": 30,
            "dropout": 0.5,
            "epochs": 2000,
            "exp_name": "mocap_exp",
            "flat": false,
            "interaction_layer": 3,
            "lambda_link": 1,
            "log_interval": 1,
            "lr": 0.0005,
            "max_training_samples": 200,
            "model": "egno",
            "n_cluster": 3,
            "n_layers": 6,
            "nf": 128,
            "no_cuda": false,
            "num_modes": 2,
            "num_timesteps": 5,
            "outf": "logs",
            "pooling_layer": 3,
            "seed": 1,
            "test_interval": 5,
            "time_emb_dim": 32,
            "weight_decay": 1e-10
        },
        "metrics": {
            "num_batches": 20,
            "num_samples": 240,
            "num_nodes_counted": 7440,
            "F-MSE": 0.4293784589323092,
            "A-MSE": 0.3837010460856995,
            "F-MSE_x1e2": 42.93784589323092,
            "A-MSE_x1e2": 38.370104608569946,
            "F-RMSE": 0.6552697604287178,
            "A-RMSE": 0.61943607102404,
            "F-MAE": 0.45620068922692303,
            "A-MAE": 0.4313940035912298,