{
    "epoch": 1625,
    "test_loss": 0.006109920854214579,
    "train_loss": 0.004964029796731969,
    "val_loss": 0.0063656641403213145
}