{
    "epoch": 4995,
    "test_loss": 0.09377629645168781,
    "train_loss": 0.1026911661028862,
    "val_loss": 0.09451474472880364
}