{
    "epoch": 1165,
    "lp_loss": 0.0,
    "test_loss": 0.06515417374670505,
    "train_loss": 0.024653196380269235,
    "val_loss": 0.08262298874557018
}